Employee ID,Gender,Age,ServiceYear,Education,MarrigeStatus,Nationality,Department,EmploymentStatus
00379720,F,30.44,1.33,Bachelor,Married,China,20069031,0
10407054,F,27.95,1.33,Bachelor,Unmarried,China,20069051,0
10424275,F,28.60,1.33,Bachelor,Unmarried,China,20069041,1
10426422,F,24.76,1.05,Bachelor,Unmarried,China,20069031,0
10446306,F,38.50,1.26,Bachelor,Married,China,20069051,0
10447982,F,27.38,1.22,Bachelor,Unmarried,China,20069031,0
10449095,F,34.48,1.21,Bachelor,Unmarried,China,20069041,0
10450280,F,33.47,1.15,Bachelor,Married,China,20069041,0
10450511,F,26.95,0.49,Bachelor,Unmarried,China,20069041,0
10451277,M,36.05,1.11,Bachelor,Unmarried,China,20060010,1
10452154,F,30.76,1.08,Bachelor,Married,China,20069031,1
10452169,F,26.50,1.05,Bachelor,Married,China,20069041,0
10454168,F,30.97,1.03,Bachelor,Married,China,20069031,0
10454171,F,28.22,1.03,Bachelor,Married,China,20069041,0
10454308,M,36.12,1.02,Bachelor,Unmarried,China,20069031,0
10454314,F,25.88,1.00,Bachelor,Unmarried,China,20069031,0
10455805,M,27.67,0.96,Bachelor,Unmarried,China,20069031,0
10457880,F,34.86,0.86,Bachelor,Unmarried,China,20069011,1
10458527,F,29.39,0.80,Bachelor,Unmarried,China,20069031,1
10459410,F,33.42,0.84,Bachelor,Unmarried,China,20069021,0
10460346,F,25.99,0.82,Bachelor,Unmarried,China,20069021,0
10461587,F,33.45,0.73,Bachelor,Unmarried,China,20069031,0
10462104,F,26.00,0.79,Bachelor,Unmarried,China,20069031,0
10462673,F,37.08,0.71,Bachelor,Unmarried,China,20069031,0
10465602,F,27.37,0.59,Bachelor,Unmarried,China,20069031,0
10465812,F,33.09,0.60,Bachelor,Unmarried,China,20069031,0
10466507,F,40.44,0.58,Bachelor,Unmarried,China,20069021,1
10468109,F,28.36,0.54,Master,Unmarried,China,20069031,0
10471621,F,32.52,0.42,Master,Unmarried,China,20069041,0
10471622,F,28.78,0.38,Master,Unmarried,China,20069031,0
10471633,F,27.01,0.34,Master,Unmarried,China,20069031,0
10473912,F,35.39,0.28,Master,Married,China,20069021,0
2000030017,F,42.36,23.16,College,Married,China,20069051,0
2000040015,F,51.55,23.03,College,Married,China,20069021,0
2004081650,F,45.38,18.75,Master,Married,China,20069031,0
2004090001,F,44.86,18.67,College,Married,China,20069051,0
2005080001,F,41.04,17.76,Bachelor,Married,China,20069011,0
2006056011,F,38.51,16.99,Bachelor,Married,China,00403000,1
2006062031,F,40.86,16.87,Bachelor,Married,China,20069021,0
2007100009,F,45.42,15.54,Master,Married,China,20053000,1
2008080030,F,38.60,14.69,Bachelor,Married,China,20069041,0
2009100003,F,37.44,13.56,Bachelor,Unmarried,China,20069021,1
2010066033,F,49.62,12.91,Master,Married,China,20060010,1
2010110001,M,40.70,12.50,Bachelor,Married,China,20060040,1
2010116032,F,40.55,5.18,Bachelor,Married,China,20069031,0
2011100078,F,36.03,11.51,Bachelor,Married,China,20060040,1
2011126019,F,34.45,11.37,Bachelor,Married,China,20060040,1
2011126038,F,45.85,12.84,Bachelor,Married,China,20060040,1
2012010052,M,43.15,11.33,Master,Married,China,20060010,1
2012040043,M,52.17,11.08,Master,Married,China,00401000,1
2012040165,M,40.70,11.04,Master,Married,Australia,20060010,1
2012046008,F,39.27,11.08,Bachelor,Married,China,00401000,1
2012070071,F,39.99,10.85,Bachelor,Unmarried,China,20069011,0
2012070104,F,34.33,10.83,Bachelor,Unmarried,China,20060040,1
2012070170,F,32.30,10.84,Bachelor,Unmarried,China,20060010,1
2012070274,F,36.24,10.77,Bachelor,Unmarried,China,20069051,0
2012086103,F,39.71,10.74,Bachelor,Unmarried,China,00104000,1
2012100012,F,43.11,10.56,Master,Married,China,20060010,1
2013050122,M,39.27,9.97,Master,Married,China,00105000,1
2013060043,F,34.47,9.91,Bachelor,Married,China,20060010,1
2013066133,F,42.67,9.85,Master,Married,China,20060040,1
2013070224,F,32.54,9.84,Bachelor,Unmarried,China,00101000,1
2013090315,F,36.54,9.64,Bachelor,Married,China,20060010,1
2014050117,M,37.79,8.94,Bachelor,Unmarried,China,20060010,1
2014050125,F,33.41,8.95,Bachelor,Married,China,20060010,1
2014060028,F,35.22,8.91,Bachelor,Unmarried,China,00105000,1
2014060031,F,33.63,8.88,Bachelor,Unmarried,China,20060010,1
2014070055,F,40.35,12.92,Bachelor,Married,China,20060010,1
2014070123,F,37.68,8.78,Bachelor,Married,China,20069041,0
2014074684,M,33.06,1.22,Bachelor,Unmarried,China,20069011,0
2014080014,F,51.96,12.39,Master,Married,China,00401000,1
2014080033,F,38.62,8.78,Master,Married,China,00401000,1
2014080034,F,34.43,8.78,Bachelor,Married,China,20060010,1
2014080037,F,31.72,8.72,College,Married,China,00101000,1
2014090142,M,44.36,8.59,Bachelor,Married,Japan,20060040,1
2014120023,F,40.35,8.39,Bachelor,Unmarried,Japan,00101000,1
2015010020,M,39.50,8.32,Bachelor,Married,China,20060010,1
2015030062,F,39.82,8.17,Bachelor,Unmarried,China,00400000,1
2015040056,F,39.12,8.05,Bachelor,Married,China,20060010,1
2015040229,F,36.65,8.03,Bachelor,Married,China,20060010,1
2015050024,F,33.67,7.99,Master,Married,China,00105000,1
2015050037,M,50.70,8.00,Bachelor,Unmarried,China,00402000,1
2015050079,M,32.61,7.97,Bachelor,Unmarried,China,20069021,1
2015060028,F,36.89,7.92,Bachelor,Married,China,20060040,1
2015080040,F,30.53,7.75,Bachelor,Married,China,20060010,1
2015090015,M,58.70,22.59,Master,Married,Hungary,20060040,1
2015120018,F,39.21,7.40,Bachelor,Unmarried,China,00104000,1
2016020009,F,36.25,11.79,Bachelor,Married,China,20069041,0
2016030012,F,36.05,10.83,College,Married,China,20060040,1
2016030025,M,53.28,7.14,Bachelor,Married,Australia,20069011,0
2016030062,M,35.88,7.09,Bachelor,Married,China,20060040,1
2016040014,F,29.90,6.99,College,Unmarried,China,20069021,0
2016040019,F,33.45,7.04,Bachelor,Married,China,20069051,0
2016040029,F,40.35,7.02,Bachelor,Married,China,20069021,0
2016040036,F,43.08,7.02,Bachelor,Unmarried,China,20069031,0
2016040038,F,30.32,7.02,Bachelor,Unmarried,China,20060010,1
2016040134,F,41.65,6.98,Bachelor,Married,China,20060010,1
2016040188,F,33.38,6.98,Bachelor,Unmarried,China,20069031,1
2016050003,F,32.63,6.98,Bachelor,Married,China,20060010,1
2016050027,F,35.08,6.96,Bachelor,Unmarried,China,20069031,1
2016050039,F,45.22,6.90,Master,Married,Australia,20060010,1
2016050049,M,31.79,6.83,Master,Unmarried,China,00402000,1
2016060003,F,40.75,6.90,Master,Married,China,00101000,1
2016060006,M,41.59,6.88,Bachelor,Married,China,20060010,1
2016060007,F,35.47,6.88,Bachelor,Married,China,20060010,1
2016060024,F,35.50,6.87,Bachelor,Unmarried,China,00404000,1
2016060026,F,38.70,6.86,Master,Married,Australia,20069031,0
2016060027,F,32.31,6.84,Master,Unmarried,China,00101000,1
2016060028,F,32.94,3.12,Bachelor,Unmarried,China,20060040,1
2016060031,F,37.42,6.86,Bachelor,Unmarried,China,20060010,1
2016060032,F,33.86,6.86,Bachelor,Unmarried,China,20060010,1
2016070016,F,31.36,6.83,Bachelor,Unmarried,China,20060040,1
2016070026,F,37.60,6.81,Bachelor,Married,China,20060010,1
2016070050,F,34.14,6.79,Bachelor,Unmarried,China,00104000,1
2016070051,F,34.06,6.79,Bachelor,Unmarried,China,20060010,1
2016070165,F,37.24,6.76,Bachelor,Married,China,00103000,1
2016080011,F,38.13,6.71,Bachelor,Married,China,20060040,1
2016080016,F,40.00,6.68,Bachelor,Married,China,20060010,1
2016090024,M,38.96,6.63,Bachelor,Married,China,00105000,1
2016090112,F,39.85,6.61,Bachelor,Married,China,20060010,1
2016090113,M,41.81,6.59,Bachelor,Married,China,20060010,1
2016090137,F,40.06,7.51,Bachelor,Married,China,20060040,1
2016100021,F,29.88,6.52,Bachelor,Unmarried,China,20069051,0
2016100029,F,38.70,6.51,Bachelor,Married,China,20060010,1
2016100096,F,37.56,6.47,Bachelor,Married,China,00103000,1
2016100097,F,31.83,6.46,Bachelor,Married,China,20069031,0
2016120009,F,34.55,6.38,Bachelor,Married,China,20060010,1
2016120035,F,45.96,6.30,Master,Married,China,20069031,0
2017015107,F,31.48,6.33,Bachelor,Unmarried,China,00403000,1
2017015173,F,30.38,6.24,Bachelor,Unmarried,China,20069031,1
2017020010,F,39.45,6.21,Bachelor,Married,China,20060010,1
2017020021,M,37.88,6.19,Master,Unmarried,China,20060010,1
2017045127,F,34.12,6.04,Bachelor,Unmarried,China,00103000,1
2017045259,F,28.81,6.00,Bachelor,Unmarried,China,00403000,1
2017060014,F,38.95,5.88,Bachelor,Married,China,20060010,1
2017060016,F,33.19,5.88,Master,Unmarried,China,20060010,1
2017060019,F,28.56,4.83,Bachelor,Unmarried,China,20060040,1
2017060042,F,42.33,5.85,Bachelor,Married,China,00101000,1
2017065383,F,27.67,5.83,Bachelor,Unmarried,China,20060040,1
2017075479,F,31.81,5.77,Bachelor,Married,China,20069031,0
2017075483,F,30.61,5.83,Bachelor,Married,China,20060010,1
2017075485,F,30.41,5.83,Bachelor,Unmarried,China,20060010,1
2017075570,F,31.28,5.75,Bachelor,Unmarried,China,20060010,1
2017075650,F,29.10,5.73,Bachelor,Unmarried,China,20060010,1
2017088689,F,42.66,5.65,Bachelor,Unmarried,China,20069021,1
2017098786,F,32.20,5.64,Bachelor,Married,China,20060010,1
2017098798,F,30.05,5.54,Bachelor,Unmarried,China,00106000,1
2017098851,F,33.52,5.56,Bachelor,Married,China,20060010,1
2017108905,F,30.18,5.58,Bachelor,Unmarried,China,20060040,1
2018019104,F,28.38,5.24,Bachelor,Unmarried,China,20069031,1
2018029226,M,39.33,5.17,Master,Married,China,00101000,1
2018039331,F,31.69,5.04,Bachelor,Married,China,00105000,1
2018049471,F,34.46,5.01,Master,Married,China,20069031,0
2018059656,F,39.37,4.93,Bachelor,Married,China,20069031,0
2018059658,F,34.65,4.93,Master,Married,China,20060010,1
2018059694,M,37.09,4.91,Bachelor,Unmarried,China,20060040,1
2018069808,F,29.91,4.89,Bachelor,Married,China,20069051,0
2018069832,F,26.72,4.90,Bachelor,Unmarried,China,20060010,1
2018069910,M,27.23,4.83,Master,Unmarried,China,20060040,1
2018070728,F,29.67,4.73,Bachelor,Unmarried,China,20069031,0
2018079944,F,43.41,4.75,Bachelor,Married,China,20069051,0
2018079946,F,29.54,4.83,Master,Married,China,20060010,1
2018079967,F,31.31,4.81,Bachelor,Married,China,20069041,0
2018081823,F,33.73,4.65,Bachelor,Married,China,20060040,1
2018081830,M,31.53,4.62,Bachelor,Unmarried,China,20060040,1
2018101051,F,35.25,4.53,Bachelor,Unmarried,China,20060010,1
2018101076,F,29.61,4.50,Bachelor,Unmarried,China,20060010,1
2018111081,F,36.10,4.44,Master,Unmarried,China,20060010,1
2018120027,F,40.35,4.33,Bachelor,Married,China,20060010,1
2018120100,F,26.18,3.66,Bachelor,Unmarried,China,20060040,1
2019010161,F,37.90,4.21,Bachelor,Unmarried,China,20060010,1
2019010163,F,43.85,4.21,Bachelor,Married,China,20060010,1
2019034071,F,28.27,4.06,Bachelor,Unmarried,China,20069031,1
2019040094,F,31.14,3.99,Bachelor,Unmarried,China,20069051,1
2019050160,F,45.32,3.92,Bachelor,Married,China,20069031,0
2019050166,F,26.77,3.95,Bachelor,Unmarried,China,20069031,0
2019050201,F,26.98,3.91,Bachelor,Unmarried,China,20060010,1
2019050202,F,32.02,3.91,Bachelor,Unmarried,China,20060040,1
2019060258,F,30.72,3.89,Bachelor,Unmarried,China,20060010,1
2019060261,F,41.16,3.87,Bachelor,Married,China,20060010,1
2019060264,F,36.32,3.83,Bachelor,Married,China,20060040,1
2019060284,M,40.57,3.83,Bachelor,Married,China,20060010,1
2019060287,F,29.28,3.83,Bachelor,Unmarried,China,20069031,1
2019070018,F,30.57,3.79,Bachelor,Unmarried,China,20060010,1
2019080173,M,32.88,3.70,Bachelor,Married,China,20060010,1
2019080260,F,39.32,3.60,Bachelor,Unmarried,China,20060040,1
2019090273,F,29.10,3.64,Bachelor,Married,China,20060040,1
2019100009,F,32.16,3.54,Bachelor,Unmarried,China,20060040,1
2019100011,F,29.62,3.53,Bachelor,Unmarried,China,20069031,0
2019110013,M,47.87,3.50,Bachelor,Unmarried,Malaysia,20069031,0
2019110024,F,31.61,3.50,Bachelor,Unmarried,China,20069031,0
2019110035,F,34.78,3.40,Master,Unmarried,China,20060040,1
2019120008,F,33.09,3.37,Bachelor,Married,China,20060040,1
2020020094,M,40.34,3.14,Bachelor,Married,China,20069031,0
2020030057,F,29.77,3.08,Master,Unmarried,China,20060010,1
2020040025,F,28.50,3.02,Bachelor,Unmarried,China,20069031,1
2020060043,F,27.72,2.83,Bachelor,Unmarried,China,20060010,1
2020060076,M,47.35,2.84,Master,Married,China,20060010,1
2020060092,F,33.44,2.78,Master,Married,China,20060010,1
2020060096,F,28.87,2.76,Bachelor,Unmarried,China,20069031,1
2020070036,F,27.46,2.73,Bachelor,Unmarried,China,20060010,1
2020090036,F,27.20,2.66,Bachelor,Unmarried,China,20060010,1
2020100017,F,29.73,2.55,Bachelor,Unmarried,China,20069021,0
2020110111,F,30.01,2.43,Bachelor,Unmarried,China,20060040,1
2020110156,F,31.22,2.44,Bachelor,Unmarried,China,20069021,0
2020120016,F,26.97,2.41,Bachelor,Unmarried,China,20069041,0
2020120030,M,34.87,2.29,Master,Married,China,20060040,1
2021010075,F,33.51,2.24,Bachelor,Unmarried,China,20069051,0
2021010098,F,33.51,2.29,Master,Unmarried,China,20069031,0
2021010126,M,35.19,2.24,Master,Unmarried,China,20060010,1
2021020059,F,28.35,2.19,Bachelor,Unmarried,China,20060010,1
2021020118,F,35.05,2.18,Master,Unmarried,China,20060010,1
2021030146,F,35.71,2.13,Bachelor,Married,China,20060040,1
2021030147,F,28.17,2.16,Bachelor,Unmarried,China,20060040,1
2021030304,F,28.10,2.07,Bachelor,Unmarried,China,20060010,1
2021030313,F,27.61,2.08,Bachelor,Unmarried,China,20069031,0
2021050155,F,27.67,1.90,Bachelor,Unmarried,China,20069031,1
2021050166,F,30.24,1.91,Bachelor,Unmarried,China,20069031,0
2021050179,F,31.66,1.91,Master,Married,China,20060040,1
2021060049,F,40.44,1.89,Bachelor,Married,China,20069011,0
2021060199,F,30.72,1.82,Master,Unmarried,China,20069031,1
2021060202,F,26.63,1.84,Bachelor,Unmarried,China,20060040,1
2021070062,M,31.41,1.78,Master,Unmarried,China,20069031,0
2021080274,F,37.27,1.66,Master,Married,China,20069011,0
2021080336,F,25.26,1.64,Bachelor,Unmarried,China,20069031,0
2021080337,F,36.61,1.67,Master,Unmarried,China,20060010,1
2021090024,F,32.81,1.60,Bachelor,Unmarried,China,20069031,0
2021090030,F,28.44,1.63,Bachelor,Unmarried,China,20060040,1
2021090088,F,28.75,1.58,Master,Unmarried,China,20069031,0
2021110064,F,29.68,1.44,Master,Unmarried,China,20069031,0
2021110078,F,28.29,1.49,Bachelor,Unmarried,China,20069031,0
2021110084,F,28.55,1.45,Bachelor,Unmarried,China,20069041,0
2021120122,M,29.57,1.37,Master,Married,China,20069031,0
2021120126,M,37.07,1.38,Master,Married,China,20069011,0
2021120127,F,31.11,1.38,Bachelor,Married,China,20069031,0
2021120136,F,27.07,1.37,Bachelor,Unmarried,China,20069031,0
3014044564,F,33.98,9.05,Master,Married,China,20060010,1
3014074843,F,44.86,12.96,Master,Married,China,20069011,0
3016075028,F,36.58,6.79,Bachelor,Married,China,20069031,0
68000002,M,56.27,12.44,Master,Married,China,80022700,1
68000008,M,43.30,11.83,Master,Married,China,80022300,1
68000019,F,51.73,11.13,Bachelor,Married,China,80022400,1
68000020,F,47.52,11.10,Master,Married,China,80022700,1
68000041,F,48.55,9.93,Master,Married,China,80022600,1
68000049,F,50.67,9.75,Bachelor,Unmarried,China,80022600,1
68000065,M,36.42,8.76,Master,Unmarried,China,80022800,1
68000092,F,38.19,7.16,Master,Married,China,80022310,1
T2017129043,F,29.33,5.82,Bachelor,Unmarried,China,00402000,1
T2018071234,F,31.04,4.90,Master,Unmarried,China,20060040,1
T2018080013,F,30.87,4.71,Bachelor,Unmarried,China,20060040,1
T2018091045,F,28.95,4.62,Bachelor,Unmarried,China,20060040,1
T2019040063,F,26.15,4.04,Bachelor,Unmarried,China,20060040,1
T2019080160,F,30.66,1.32,Bachelor,Unmarried,China,20060040,1
T2019110047,F,24.84,3.46,Bachelor,Unmarried,China,20060040,1
T2019110048,F,30.01,3.44,Bachelor,Unmarried,China,20060040,1
T2020030008,F,28.17,3.83,Bachelor,Unmarried,China,20060040,1
T2020090094,M,30.43,2.61,Bachelor,Unmarried,China,20060010,1
T2021030148,F,27.18,2.14,Bachelor,Unmarried,China,20060040,1
T2021060232,F,27.03,1.84,Bachelor,Unmarried,China,20060040,1
T2021110097,F,25.64,1.45,Bachelor,Unmarried,China,20069011,1
T2022050014,F,24.25,1.02,Bachelor,Unmarried,China,20069041,0
T2022060005,F,24.35,0.88,Bachelor,Unmarried,China,20069041,0
T2023020002,F,24.57,0.83,Bachelor,Unmarried,Australia,20069011,0
T2023030001,M,24.11,0.18,Bachelor,Unmarried,China,20069011,0
T2023040002,F,23.65,0.08,Bachelor,Unmarried,China,20069041,0
00390725,F,26.74,1.25,Bachelor,Unmarried,China,20069371,1
10428951,F,26.39,0.68,Bachelor,Unmarried,China,20069371,1
10457880,F,34.91,0.09,Bachelor,Unmarried,China,20069371,1
10416384,F,27.25,1.58,Bachelor,Married,China,20069371,1
00286730,F,41.70,6.06,Bachelor,Unmarried,China,20069371,1
00307209,M,37.93,5.28,Bachelor,Unmarried,China,20069371,1
00379027,F,31.74,0.74,Bachelor,Unmarried,China,20069371,1
00037102,F,40.40,12.09,Bachelor,Unmarried,China,20069371,1
00323915,F,42.71,4.99,Bachelor,Unmarried,China,20069371,1
10427498,F,26.85,0.32,Bachelor,Unmarried,China,20069371,1
10439489,F,25.51,0.69,Bachelor,Unmarried,China,20069371,1
00287194,F,33.43,6.37,Bachelor,Unmarried,China,20069371,1
00347444,F,29.59,3.79,Bachelor,Married,China,20069371,1
10411083,F,27.77,1.86,Bachelor,Married,China,20069371,1
00381219,F,30.77,3.00,Bachelor,Married,China,20069371,1
00129533,F,33.46,8.07,Bachelor,Unmarried,China,20069371,1
10411895,F,28.92,2.00,Bachelor,Married,China,20069371,1
10407319,F,28.55,2.31,Master,Married,China,20069371,1
10430538,F,27.72,1.58,Bachelor,Married,China,20069371,1
00376258,F,28.32,3.79,Bachelor,Married,China,20069371,1
00380676,F,32.07,2.84,Bachelor,Married,China,20069371,1
10451277,M,36.11,0.11,Master,Married,China,20069371,1
10458527,F,29.44,0.16,Bachelor,Unmarried,China,20069371,1
00050806,F,53.29,11.08,Bachelor,Unmarried,Japan,20069371,0
00153167,M,33.01,3.41,Bachelor,Unmarried,Japan,20069371,0
00379521,F,46.79,3.92,Master,Unmarried,Japan,20069371,0
00295455,F,32.62,6.65,Bachelor,Unmarried,China,20069371,0
10432760,F,37.83,1.82,Bachelor,Unmarried,Malaysia,20069371,0
00334363,M,34.89,5.31,Bachelor,Unmarried,Malaysia,20069371,0
00353231,F,23.38,4.01,Bachelor,Unmarried,Malaysia,20069371,0
00375763,F,36.03,4.08,Bachelor,Unmarried,Malaysia,20069371,0
00393247,M,38.35,3.54,Bachelor,Unmarried,Malaysia,20069371,0
00057027,F,36.30,11.79,Bachelor,Unmarried,China,20069371,0
00139014,F,37.74,8.78,Bachelor,Unmarried,China,20069371,0
00295725,F,29.68,3.53,Bachelor,Unmarried,China,20069371,0
00349492,F,29.72,4.73,Bachelor,Unmarried,China,20069371,0
10433752,M,31.46,1.78,Bachelor,Unmarried,China,20069371,0
10407054,F,28.00,1.33,Bachelor,Married,China,20069371,0
00379720,F,30.49,1.33,Bachelor,Unmarried,China,20069371,0
00076131,F,44.91,18.67,Bachelor,Unmarried,China,20069371,0
00343701,F,39.42,4.93,Master,Unmarried,China,20069371,0
00071290,F,40.91,16.87,Bachelor,Unmarried,China,20069371,0
00071724,F,45.43,18.75,Master,Unmarried,China,20069371,0
00075940,F,42.42,23.16,Bachelor,Unmarried,China,20069371,0
00080002,F,36.29,10.77,Master,Unmarried,China,20069371,0
00285619,F,40.40,7.02,Bachelor,Unmarried,China,20069371,0
00286138,F,43.14,7.02,Bachelor,Married,China,20069371,0
00289799,F,38.75,6.86,Bachelor,Unmarried,China,20069371,0
00292446,F,36.63,6.79,Master,Unmarried,China,20069371,0
00320520,F,31.86,5.77,Bachelor,Married,China,20069371,0
00341738,F,34.51,5.01,Bachelor,Unmarried,China,20069371,0
00345457,F,29.96,4.89,Master,Unmarried,China,20069371,0
00377861,F,31.66,3.50,Bachelor,Married,China,20069371,0
00379437,F,45.37,3.92,Bachelor,Unmarried,China,20069371,0
00379712,F,26.82,3.95,Bachelor,Unmarried,China,20069371,0
10405312,M,40.39,3.14,Bachelor,Married,China,20069371,0
10419121,F,31.27,2.44,Bachelor,Unmarried,China,20069371,0
10421031,F,27.02,2.41,Master,Unmarried,China,20069371,0
10421887,F,33.56,2.29,Master,Unmarried,China,20069371,0
10429617,F,40.49,1.89,Bachelor,Unmarried,China,20069371,0
10430883,F,30.29,1.91,Master,Married,China,20069371,0
10437956,F,32.86,1.60,Bachelor,Married,China,20069371,0
10439950,F,28.80,1.58,Master,Married,China,20069371,0
10441349,F,29.73,1.44,Bachelor,Unmarried,China,20069371,0
10442774,F,28.60,1.45,Bachelor,Unmarried,China,20069371,0
10443720,F,27.12,1.37,Bachelor,Married,China,20069371,0
10444173,M,29.62,1.37,Master,Unmarried,China,20069371,0
10444261,F,31.16,1.38,Bachelor,Married,China,20069371,0
10444420,M,37.12,1.38,Bachelor,Unmarried,China,20069371,0
00378516,F,31.19,3.99,Master,Unmarried,China,20069371,1
00354298,F,47.14,4.54,Bachelor,Unmarried,Japan,20069371,0
10424163,F,33.52,0.32,Bachelor,Unmarried,China,20069371,0
10426322,F,37.30,0.98,Bachelor,Unmarried,China,20069371,0
10426415,F,33.03,0.87,Bachelor,Married,China,20069371,0
10429124,F,28.34,1.49,Bachelor,Married,China,20069371,0
10447982,F,27.43,1.22,Master,Unmarried,China,20069371,0
10450280,F,33.52,1.15,Bachelor,Unmarried,China,20069371,0
10454308,M,36.17,1.02,Bachelor,Unmarried,China,20069371,0
10459410,F,33.47,0.84,Bachelor,Married,China,20069371,0
10460346,F,26.04,0.82,Bachelor,Married,China,20069371,0
10461587,F,33.51,0.73,Bachelor,Unmarried,China,20069371,0
10462104,F,26.05,0.79,Bachelor,Unmarried,China,20069371,0
10462673,F,37.13,0.71,Bachelor,Unmarried,China,20069371,0
10465602,F,27.42,0.59,Bachelor,Unmarried,China,20069371,0
10465812,F,33.14,0.60,Bachelor,Unmarried,China,20069371,0
10468109,F,28.41,0.55,Bachelor,Unmarried,China,20069371,0
10471621,F,32.57,0.42,Bachelor,Unmarried,China,20069371,0
10471622,F,28.83,0.38,Bachelor,Married,China,20069371,0
10471633,F,27.06,0.34,Bachelor,Unmarried,China,20069371,0
10414150,M,33.17,2.74,Master,Unmarried,Malaysia,20069371,0
10480257,M,24.47,0.07,Bachelor,Unmarried,Malaysia,20069371,0
10452169,F,26.56,1.05,Master,Unmarried,China,20069371,0
10452281,F,30.15,1.07,Bachelor,Unmarried,Malaysia,20069371,0
10441759,M,28.94,1.49,Master,Married,Malaysia,20069371,0
10446285,M,25.28,1.30,Bachelor,Unmarried,Malaysia,20069371,0
10446370,F,28.00,1.30,Bachelor,Unmarried,Malaysia,20069371,0
10465965,F,29.15,0.63,Bachelor,Unmarried,Malaysia,20069371,0
10465967,F,26.08,0.63,Master,Unmarried,Malaysia,20069371,0
10465968,M,25.85,0.63,Bachelor,Unmarried,Malaysia,20069371,0
10472170,F,23.03,0.38,Bachelor,Married,Malaysia,20069371,0
10417342,M,30.25,2.66,Master,Married,Australia,20069371,0
10451920,M,37.82,1.05,Bachelor,Unmarried,Australia,20069371,0
10456205,M,35.95,0.82,Bachelor,Unmarried,Japan,20069371,0
10452154,F,30.81,0.46,Bachelor,Unmarried,China,20069371,1
10432344,F,30.77,1.29,Bachelor,Married,China,20069371,1
10412852,F,33.21,1.37,Bachelor,Unmarried,China,20069371,1
10474237,F,30.60,0.24,Master,Unmarried,Malaysia,20069371,0
10478759,M,30.42,0.13,Master,Unmarried,Malaysia,20069371,0
00284992,M,39.72,7.05,Bachelor,Unmarried,Australia,20069371,0
10472174,F,43.22,0.32,Master,Unmarried,Malaysia,20069371,0
10478023,F,25.54,0.05,Bachelor,Unmarried,Malaysia,20069371,1
10478016,F,28.98,0.15,Master,Unmarried,Malaysia,20069371,0
10476404,F,27.14,0.09,Bachelor,Unmarried,Malaysia,20069371,0
10472230,F,31.35,0.32,Bachelor,Married,Malaysia,20069371,0
10422174,F,33.56,2.24,Bachelor,Married,China,20069371,0
10434459,F,28.11,0.03,Master,Married,China,20069371,0
00384692,F,29.39,2.12,Bachelor,Unmarried,China,20069371,1
00299154,F,31.88,6.46,Bachelor,Married,China,20069371,0
10454314,F,25.93,1.00,Master,Married,China,20069371,0
10462702,M,33.12,0.75,Bachelor,Married,Malaysia,20069371,1
10449095,F,34.53,1.21,Bachelor,Married,China,20069371,0
10407750,F,28.12,1.58,Bachelor,Married,China,20069371,0
10424404,F,44.20,0.80,Bachelor,Married,Australia,20069371,0
10462546,F,27.62,0.76,Bachelor,Married,Australia,20069371,0
10463422,F,28.17,0.74,Bachelor,Married,Australia,20069371,0
00053732,F,41.51,11.13,Bachelor,Unmarried,Australia,20069371,0
00276672,F,40.41,7.24,Bachelor,Unmarried,Australia,20069371,0
00362521,F,40.28,4.01,Bachelor,Married,Australia,20069371,0
10401984,M,29.83,4.38,Bachelor,Unmarried,Australia,20069371,0
10437824,M,54.77,1.59,Bachelor,Unmarried,Australia,20069371,0
10448236,F,37.93,1.22,Bachelor,Unmarried,Australia,20069371,0
10474232,M,40.49,0.22,Master,Married,Malaysia,20069371,0
00268102,M,37.90,7.61,Bachelor,Married,Australia,20069371,0
10445002,F,28.34,1.32,Bachelor,Married,Malaysia,20069371,0
10467375,F,39.74,0.55,Bachelor,Married,Malaysia,20069371,0
10456902,F,27.27,0.83,Master,Unmarried,Japan,20069371,0
10454171,F,28.27,1.03,Bachelor,Married,China,20069371,0
10480145,F,37.49,0.07,Bachelor,Married,Australia,20069371,0
10476403,F,23.93,0.15,Bachelor,Married,Malaysia,20069371,0
00391222,M,33.58,3.62,Master,Married,China,20069371,0
00357524,M,32.35,4.43,Bachelor,Married,China,20069371,0
00055083,M,42.85,15.53,Bachelor,Married,Singapore,20069371,0
10408503,F,28.92,2.97,Bachelor,Married,Singapore,20069371,0
00364975,F,28.49,1.67,Bachelor,Married,China,20069371,1
10401201,F,32.56,1.58,Bachelor,Married,China,20069371,0
10428700,F,25.20,0.11,Bachelor,Married,China,20069371,1
00287598,F,35.14,6.92,Bachelor,Unmarried,China,20069371,1
10481210,F,26.14,0.03,Bachelor,Unmarried,Malaysia,20069371,0
10481213,F,25.17,0.04,Bachelor,Unmarried,Malaysia,20069371,0
10481216,M,23.82,0.04,Bachelor,Unmarried,Malaysia,20069371,0
00335545,F,28.43,5.05,Bachelor,Unmarried,China,20069371,1
00306419,F,30.43,6.05,Bachelor,Married,China,20069371,1
00383688,F,29.33,3.76,Bachelor,Married,China,20069371,1
00261127,M,32.66,7.90,Bachelor,Married,China,20069371,1
10425809,F,26.01,0.32,Bachelor,Married,China,20069371,0
10424275,F,28.65,1.32,College,Unmarried,China,20069371,1
10427499,F,31.02,1.21,Bachelor,Married,China,20069371,0
10454880,F,37.80,0.98,Bachelor,Unmarried,Malaysia,20069371,0
00077297,F,37.49,13.46,Bachelor,Married,China,20069371,1
10466507,F,40.49,0.49,Bachelor,Unmarried,China,20069371,1
10481209,F,34.75,0.01,Bachelor,Unmarried,Malaysia,20069371,0
10482232,F,25.90,0.01,Bachelor,Married,Malaysia,20069371,0
10480873,M,40.38,0.05,Bachelor,Married,Malaysia,20069371,0
10455805,M,27.72,0.98,Bachelor,Unmarried,China,20069371,1
00394824,F,27.66,2.08,Bachelor,Married,China,20069371,0
00034664,F,40.83,13.33,Bachelor,Married,Japan,20069371,0
10450778,F,28.00,0.16,Bachelor,Married,China,20069371,0
10440589,F,35.21,0.16,Bachelor,Married,China,20069371,0
10428362,F,28.52,1.41,Bachelor,Married,China,20069371,0
10407591,F,31.17,0.66,Bachelor,Unmarried,China,20069371,0
10435910,F,36.03,0.66,Bachelor,Married,China,20069371,0
10430800,F,31.11,1.76,Bachelor,Unmarried,China,20069371,0
10414946,M,31.20,0.66,Bachelor,Married,China,20069371,0
10436365,F,28.69,0.16,Master,Married,China,20069371,0
10434740,F,26.39,1.28,Master,Married,China,20069371,0
10414331,F,28.56,1.87,Master,Unmarried,China,20069371,0
10434741,M,23.86,1.28,Master,Unmarried,China,20069371,0
10426422,F,24.81,1.05,Master,Married,China,20069371,0
00387205,F,34.59,1.58,College,Married,China,20069371,0
10446306,F,38.55,1.26,College,Married,China,20069371,0
00389561,F,54.97,3.66,Master,Unmarried,Malaysia,20069371,0
10451025,F,32.88,1.07,College,Married,Australia,20069371,0
10436681,F,25.31,1.64,Bachelor,Married,Japan,20069371,0
10456802,F,26.42,0.67,Bachelor,Married,China,20069371,0
10450511,F,27.00,0.49,Bachelor,Married,China,20069371,0
10430581,F,24.85,1.91,Master,Unmarried,China,20069371,0
10430585,F,31.72,1.91,Bachelor,Married,China,20069371,0
10442047,F,35.95,0.32,Bachelor,Married,China,20069371,0
10437106,F,30.10,0.32,Master,Unmarried,China,20069371,0
00391596,F,32.20,1.91,Bachelor,Unmarried,China,20069371,0
10428723,F,24.83,0.49,Bachelor,Married,China,20069371,0
10438900,F,29.77,0.33,Bachelor,Unmarried,China,20069371,0
00285116,F,29.96,6.99,Bachelor,Married,China,20069371,0
00285367,F,33.50,7.04,Bachelor,Unmarried,China,20069371,0
00298333,F,29.93,6.52,College,Married,China,20069371,0
00347741,F,31.36,4.81,Master,Unmarried,China,20069371,0
10472229,M,23.02,0.32,Master,Married,Malaysia,20069371,0
10473912,F,35.45,0.28,Bachelor,Married,China,20069371,0
00379099,F,64.16,3.99,Bachelor,Married,Australia,20069371,0
10401186,F,25.38,3.32,Bachelor,Unmarried,Australia,20069371,0
00394837,F,24.98,1.41,Bachelor,Married,China,20069371,0
10448604,F,49.16,1.21,Bachelor,Unmarried,Australia,20069371,0
10425273,F,35.63,1.08,Bachelor,Unmarried,China,20069371,0
00388389,F,47.32,3.68,Master,Unmarried,Australia,20069371,0
10429791,F,35.38,1.41,Master,Unmarried,China,20069371,0
10428807,F,30.87,1.41,Bachelor,Unmarried,China,20069371,0
10483597,F,26.58,0.01,Master,Married,China,20069371,0
10454168,F,31.02,1.03,Bachelor,Unmarried,China,20069371,0
10429039,F,29.66,1.58,Bachelor,Unmarried,China,20069371,0
10407371,F,26.68,1.58,Bachelor,Married,China,20069371,0
10410920,F,29.88,1.58,Bachelor,Married,China,20069371,0
10443399,F,27.60,1.30,Bachelor,Married,China,20069371,0
00373298,F,26.78,1.05,Bachelor,Married,China,20069371,0
10471275,M,31.02,0.44,Bachelor,Married,Australia,20069371,0
00388020,F,29.17,2.24,Bachelor,Married,China,20069371,0
10424269,F,36.50,2.13,Bachelor,Married,China,20069371,0
10418412,F,29.78,2.55,Master,Unmarried,China,20069371,0
00078673,F,40.04,10.85,Master,Married,China,20069371,0
10435829,F,37.32,1.66,Bachelor,Married,China,20069371,0
10438101,F,43.59,0.75,College,Married,Australia,20069371,0
00054706,M,55.91,22.51,Bachelor,Married,Malaysia,20069371,0
00277071,F,33.16,7.74,Bachelor,Married,Japan,20069371,0
00277094,F,57.86,8.01,Bachelor,Unmarried,Japan,20069371,0
10430533,F,26.72,1.58,Bachelor,Unmarried,China,20069371,1
00053766,F,46.28,11.08,Bachelor,Married,Japan,20069371,0
00307725,F,44.90,6.13,Bachelor,Unmarried,Japan,20069371,0
10404609,F,36.40,3.16,Master,Unmarried,Japan,20069371,0
,,,,,,,,
,,,,,,,,
,,,,,,,,
,,,,,,,,
,,,,,,,,
,,,,,,,,
,,,,,,,,
,,,,,,,,
,,,,,,,,
,,,,,,,,
,,,,,,,,
,,,,,,,,
,,,,,,,,
,,,,,,,,
,,,,,,,,
,,,,,,,,
,,,,,,,,
,,,,,,,,
,,,,,,,,
,,,,,,,,
,,,,,,,,
,,,,,,,,
,,,,,,,,
,,,,,,,,
,,,,,,,,
,,,,,,,,
,,,,,,,,
,,,,,,,,
,,,,,,,,
,,,,,,,,
,,,,,,,,
,,,,,,,,
,,,,,,,,
,,,,,,,,
,,,,,,,,
,,,,,,,,
,,,,,,,,
,,,,,,,,
,,,,,,,,
,,,,,,,,
,,,,,,,,
,,,,,,,,
,,,,,,,,
,,,,,,,,
,,,,,,,,
,,,,,,,,
,,,,,,,,
,,,,,,,,
,,,,,,,,
,,,,,,,,
,,,,,,,,
,,,,,,,,
,,,,,,,,
,,,,,,,,
,,,,,,,,
,,,,,,,,
,,,,,,,,
,,,,,,,,
,,,,,,,,
,,,,,,,,
,,,,,,,,
,,,,,,,,
,,,,,,,,
,,,,,,,,
,,,,,,,,
,,,,,,,,
,,,,,,,,
,,,,,,,,
,,,,,,,,
,,,,,,,,
,,,,,,,,
,,,,,,,,
,,,,,,,,
,,,,,,,,
,,,,,,,,
,,,,,,,,
,,,,,,,,
,,,,,,,,
,,,,,,,,
,,,,,,,,
,,,,,,,,
,,,,,,,,
,,,,,,,,
,,,,,,,,
,,,,,,,,
,,,,,,,,
,,,,,,,,
,,,,,,,,
,,,,,,,,
,,,,,,,,
,,,,,,,,
,,,,,,,,
,,,,,,,,
,,,,,,,,
,,,,,,,,
,,,,,,,,
,,,,,,,,
,,,,,,,,
,,,,,,,,
,,,,,,,,
,,,,,,,,
,,,,,,,,
,,,,,,,,
,,,,,,,,
,,,,,,,,
,,,,,,,,
,,,,,,,,
,,,,,,,,
,,,,,,,,
,,,,,,,,
,,,,,,,,
,,,,,,,,
,,,,,,,,
,,,,,,,,
,,,,,,,,
,,,,,,,,
,,,,,,,,
,,,,,,,,
,,,,,,,,
,,,,,,,,
,,,,,,,,
,,,,,,,,
,,,,,,,,
,,,,,,,,
,,,,,,,,
,,,,,,,,
,,,,,,,,
,,,,,,,,
,,,,,,,,
,,,,,,,,
,,,,,,,,
,,,,,,,,
,,,,,,,,
,,,,,,,,
,,,,,,,,
,,,,,,,,
,,,,,,,,
,,,,,,,,
,,,,,,,,
,,,,,,,,
,,,,,,,,
,,,,,,,,
,,,,,,,,
,,,,,,,,
,,,,,,,,
,,,,,,,,
,,,,,,,,
,,,,,,,,
,,,,,,,,
,,,,,,,,
,,,,,,,,
,,,,,,,,
,,,,,,,,
,,,,,,,,
,,,,,,,,
,,,,,,,,
,,,,,,,,
,,,,,,,,
,,,,,,,,
,,,,,,,,
,,,,,,,,
,,,,,,,,
,,,,,,,,
,,,,,,,,
,,,,,,,,
,,,,,,,,
,,,,,,,,
,,,,,,,,
,,,,,,,,
,,,,,,,,
,,,,,,,,
,,,,,,,,
,,,,,,,,
,,,,,,,,
,,,,,,,,
,,,,,,,,
,,,,,,,,
,,,,,,,,
,,,,,,,,
,,,,,,,,
,,,,,,,,
,,,,,,,,
,,,,,,,,
,,,,,,,,
,,,,,,,,
,,,,,,,,
,,,,,,,,
,,,,,,,,
